Palabra,Answer1,Answer2,Answer3,Answer4,Answer5,Answer6,Answer7,Answer8,Answer9,Answer10,Answer11,Answer12,Answer13,Answer14,Answer15,Answer16,Answer17,Answer18,Answer19,Answer20,Answer21,Answer22,Answer23,Answer24,Answer25,Answer26,Answer27,Answer28,Answer29,Answer30,Answer31,Answer32,Answer33,Answer34,Answer35,Answer36,Answer37,Answer38,Answer39,Answer40,Answer41,Answer42,Answer43,Answer44,Answer45,Answer46,Answer47,Answer48,Answer49,Answer50,Answer51,Answer52,Answer53,Answer54,Answer55,Answer56,Answer57,Answer58,Answer59,Answer60,Answer61,Answer62,Answer63,Answer64,Answer65,Answer66,Answer67,Answer68,Answer69,Answer70,Answer71,Answer72,Answer73,Answer74,Answer75,Answer76,Answer77,Answer78,Answer79,Answer80,Answer81,Answer82,Answer83,Answer84,Answer85,Answer86,Answer87,Answer88,Answer89,Answer90,Answer91,Answer92,Answer93,Answer94,Answer95,Answer96,Answer97,Answer98,Answer99,Answer100
SALMON,J9,D12,G8,G6,K16,G8,F8,G9,E13,D10,F5,G10,D5,H22,C21,C13,I11,E9,C7,G7,F1,F5,G11,B5,G14,C8,G8,C6,G9,D5,C9,E9,D7,G10,G7,G9,E6,C8,B7,E8,D6,D7,G13,F7,G10,C13,E9,G8,C15,A5,C20,I11,M15,B7,G13,C16,A2,D9,G13,D8,G15,F7,B8,C11,O19,E8,D8,F10,I17,D5,F9,F9,E21,F7,E8,F4,H14,D8,D9,A4,E11,E11,B15,D9,H13,F6,E9,C12,F5,F5,E13,H13,D8,D5,F5,G8,D5,C17,B6,F10
WHALE,P1,M8,F8,M23,N18,H8,K23,N19,G22,N22,J19,M13,C23,M9,O18,K10,N17,H23,N22,J15,L15,K12,K13,N19,K24,M20,K19,M25,N9,C20,G5,M6,H3,K12,N24,J11,M22,K13,P30,O7,K24,P19,K8,O5,J14,J22,I16,I16,M19,F22,J19,N21,P3,P24,M13,E16,I19,G6,M20,O12,C23,L7,J21,P3,M2,M12,O7,P1,G5,H21,O9,K7,P3,G4,L9,D15,N6,I19,P17,L27,J19,M12,M26,C26,P17,G17,F7,C25,O9,P9,M19,C20,M20,N21,M23,O7,M17,J16,J24,G8
GRIZZLY,G17,H13,G20,P24,D7,P2,J13,G17,O21,J19,K2,C7,M22,E17,H8,C22,H9,G11,D22,H30,M18,P3,F25,C27,J27,G6,P2,A10,O20,D12,L10,D25,I17,A5,J12,K9,M25,I17,H11,H21,A9,D23,I9,D24,C21,A20,I24,A10,G16,P8,O18,J22,I18,O19,G11,O17,D24,P1,I15,L5,C20,P6,F5,D19,D7,G7,G9,O24,E27,N5,G11,C14,P8,O7,G15,C20,F1,P3,H24,G19,P3,C13,N27,F14,L10,G9,M27,G9,J19,G8,P5,O24,B20,E24,G12,E28,F18,A8,G7,D22
FLAMINGO,G9,H9,J15,L9,K19,L10,H9,K19,L3,L17,L15,H7,J13,J9,M6,L11,H15,N8,M8,G15,K21,G11,P8,M5,N5,L5,L9,K22,K15,J6,J15,G8,G8,H7,G5,K14,H9,L9,I13,I15,P3,G9,G9,K3,M7,G10,K16,G8,G9,M13,N15,K12,M9,J19,J11,G8,H11,G9,G10,H12,G9,G7,L10,G9,L9,K9,K16,G10,N15,G9,G15,G7,L9,P2,J12,G11,G16,G5,J22,O5,J25,G9,L7,I19,K9,I8,J11,G8,M13,K17,P6,G9,J16,J15,G8,M5,J11,M9,L9,J12
FOX,F9,O9,F9,F10,G7,H9,G6,P3,P3,F9,G7,O19,P3,G7,F5,G5,F9,G6,H5,O6,H9,P3,F7,F10,P8,O6,G5,C15,P20,J11,G5,M7,G8,F10,E9,F9,F9,G13,D10,P3,G6,O8,H9,H7,G6,E16,G7,G10,G7,K13,G9,G15,F9,O8,K12,G12,P6,G12,F12,L7,E10,G6,G6,G13,G8,G8,K14,N7,G14,O8,G11,H12,J14,H10,P6,G5,A3,P3,H9,K17,G7,G5,P3,F10,F7,B10,G5,G10,H11,F8,P13,G5,H12,J15,F9,H10,A7,F7,C5,J8
CRICKET,G7,B4,D19,P30,E11,A8,P3,K17,G8,D24,D14,M5,C19,A5,G12,A8,H9,J19,H11,K14,O19,C19,M10,C16,A6,M9,M15,A7,O13,G12,O17,B14,J10,C19,E14,H15,C9,G10,K14,P3,P7,G14,C13,E13,D10,E9,G19,I13,I11,J19,P3,A7,A7,K18,F7,B7,K13,P3,J15,H26,D10,D21,P4,O7,D22,P3,P5,A6,F7,G5,H21,N17,J9,P1,G16,P8,H18,G17,H7,J19,C19,J17,C22,G5,C13,G14,P3,C20,G9,P3,P3,D5,H10,P3,A20,A12,H21,B3,G7,H7
CANARY,A7,H9,C6,G11,A6,L7,C5,H10,A9,H7,A3,A3,G12,E4,D3,A3,J5,C2,A7,J14,G6,K10,E6,H7,C7,D8,P3,A7,G7,A3,G5,B5,D11,G4,N23,A7,E7,A5,G8,H3,A7,C3,D6,H9,C10,A5,A7,D17,H8,G9,O5,A3,A7,K7,J14,A2,G10,A2,A5,C14,A5,G4,G6,L4,C9,A9,C6,A13,O11,A9,J4,H5,G5,H6,A7,H8,H8,K16,E5,D3,A7,E4,C9,H10,K5,E6,H5,L3,H5,A5,A3,A3,H9,I4,L6,E5,A7,L4,F7,A7
PIG,P9,J3,P19,L9,H20,H11,P3,P3,N20,M8,C21,M20,D13,F12,M24,P9,K7,O7,F8,O4,O3,O5,N9,P2,H24,O16,M24,N21,P3,O5,N22,M7,M19,O23,K18,P30,I8,N27,J19,K19,N19,B10,P3,E27,P3,C24,B3,N5,K20,H20,C18,E25,P9,J14,I8,H12,C26,K8,G12,L2,P3,F9,K9,G23,C25,N20,M16,J19,P3,E24,B19,O6,O20,K5,H9,O5,I17,H9,N21,H17,M26,P6,H9,N23,M9,L5,G19,G17,M1,F18,C27,N9,O9,A30,B18,E22,G9,N8,G12,C24
TIGER,J5,J30,J21,I9,K8,H3,J10,P5,J20,P3,H7,J13,J5,P9,K9,J3,G10,L7,J11,B5,G5,C20,N19,A9,J19,J12,H11,P3,P3,J10,H12,G5,P6,G7,K20,H6,P3,M5,J11,J11,J18,J10,J9,K12,K9,G5,J10,J17,H10,J16,P3,B3,O13,P7,I6,J15,G12,J13,P6,H8,J10,I11,L11,H5,H8,P3,P3,P2,I9,P27,J14,L6,J7,F6,J14,G10,G5,H7,E7,I8,H3,H6,J13,F9,P30,J11,K16,O5,I6,I8,P3,N17,C20,H13,L2,P3,G6,H9,L7,I10
LADYBUG,L6,K3,K9,K10,K11,L8,K5,K4,L7,K10,L9,K12,L10,K9,K10,L7,L9,L11,K4,K8,L10,K7,K5,K7,K5,K13,L7,L9,L13,K7,K9,L5,L9,L6,L8,K5,K10,K9,L9,L7,K8,K10,L7,K10,J13,L6,L6,K7,K8,K17,L6,K7,K7,L7,K17,L10,L3,L9,K15,L11,L11,L4,L6,K9,L5,K4,K6,K7,K5,K3,L7,L15,K20,L9,K8,L7,L8,L9,L9,L6,L7,K6,K12,K15,K7,L5,L9,L7,L6,L8,K14,L6,L10,L7,K14,K9,L5,L5,K9,K13
FROG,F9,F9,F7,F9,G7,F7,F7,F7,F9,F9,G10,F9,F9,F7,F7,F9,F7,G9,F9,F7,F7,F8,F7,G9,G7,B9,F7,G9,F17,F8,F6,F7,F9,G7,G9,F7,F9,F7,F6,F9,F8,F9,F8,F9,F9,G10,F9,F9,F5,F10,F9,G5,F7,G7,F8,F5,E8,F9,F7,F8,F6,F9,E13,F9,F7,F7,F9,G7,F10,F7,G8,F9,H10,G6,F8,F7,G9,F7,F9,F9,F8,G5,F8,H16,H13,F9,F7,F5,G8,F8,G5,F5,F9,F9,F9,F8,F5,F12,F6,G8
AXOLOTL,A1,C30,A30,A17,A7,B2,A8,A30,A8,A3,A1,B3,A7,A30,A5,A30,A7,A6,A30,A30,A10,A5,A6,A9,A6,A7,A7,A7,A30,C2,A7,A5,A8,A7,A30,A3,A30,A7,A14,A7,A1,A7,A5,A6,A3,A1,A3,A6,A5,A9,A7,A8,A3,A30,A2,A7,A7,A1,A3,A2,A7,A3,A13,A14,A30,A7,A3,A6,I21,A7,A7,A1,A7,A7,A30,A30,A7,A20,A7,A6,A3,A7,A3,A30,A1,A3,A3,A1,A30,A8,B30,A5,A7,A3,A7,A30,A6,A7,A5,A4
TOAD,M24,I7,C22,O7,M21,G7,M8,O25,P2,M16,B21,I10,E8,H5,F8,O5,F5,L5,L6,F6,L10,D7,D8,C5,A8,C20,E7,D3,G5,C17,C5,C13,K11,M2,C20,G8,M5,A7,P30,D3,N13,C9,A3,P5,I7,D10,P4,M6,O15,D12,B30,M24,N17,B6,M4,N7,E9,E7,G7,C16,G5,B6,C22,I19,H3,K13,J6,P3,B2,M4,D7,E13,B13,G13,L6,M3,P30,J10,I11,M4,D9,C15,M3,B7,M4,P3,M19,E9,K15,D23,G5,E15,G5,M7,P1,C9,H3,O9,P30,D7
LEMON,L8,K6,K11,K5,K7,K6,L7,H9,L9,K10,L8,L6,K5,K7,C17,L7,G10,L10,L5,K17,J9,N6,M5,K9,M6,L10,M17,L9,M10,K7,K5,K7,G5,K9,K9,M5,K5,G5,K7,L6,M10,K9,K12,K4,K10,K9,L7,K5,L8,K9,L6,L15,L5,J12,L5,K5,L5,L6,K5,K5,K13,K8,K9,K7,K8,L7,L11,L3,L9,L5,N18,H8,G5,K7,L8,K10,K7,L6,K5,K9,K6,K7,H5,H4,L9,K5,K6,K5,L6,K10,K8,K11,K5,K8,K9,K5,M7,K11,K5,L9
LIME,K13,L6,K11,L6,L9,L7,L13,L9,L9,L13,L7,L12,L9,L6,L10,L9,K12,L8,L11,L5,L8,L8,L9,L9,M8,L9,L14,K14,L9,M8,L9,K10,K8,L8,L13,K10,L9,L9,K10,K11,L11,L9,L15,L9,L9,L14,K12,K13,L7,K13,M8,L12,K12,L7,L9,L5,L9,K13,K14,K17,K13,L5,L9,K11,K12,M13,L13,L7,K17,L9,L9,K16,L9,L13,K14,K11,L5,L7,L5,L10,K13,L7,L8,L9,L13,K14,L9,K15,N9,L6,K14,L13,K11,K17,L9,K10,L8,L8,M15,L9
KIWI,K8,J9,K7,K9,K5,K7,K8,K7,K5,K5,K5,K8,K9,K7,K5,K5,K9,K9,K7,K3,K9,K5,K8,K5,K7,K7,K7,K5,K7,K7,K8,K8,K5,K7,K6,K7,K5,K13,K7,K9,K7,K7,K5,K7,K7,K6,K3,K5,K7,K7,K6,K6,K9,K5,K5,K7,K9,K6,K7,K7,J11,K30,K9,K7,K8,K7,K9,K6,K6,K5,K5,K7,K3,K5,K7,K9,K6,K8,K5,K7,K7,K6,K6,K8,K7,K5,K9,J9,K7,K5,K8,K6,K9,K9,K3,K7,K30,K30,K8,K8
PUMPKIN,P30,P10,P9,P16,P9,P30,P9,P9,N30,P30,P9,P30,P5,P9,P9,P30,P30,P9,P30,P9,P30,P10,P9,P30,P9,P11,P9,P30,P30,P30,P9,P30,P6,P3,P3,P30,P15,P3,P30,P9,P30,P30,P30,P9,P30,P9,P30,P15,P9,P3,P3,P9,P16,P8,P20,P20,P9,P9,P9,P9,P14,P9,P9,P9,P9,P9,P30,P30,P30,P9,P30,P9,P30,P10,P30,P9,P30,P30,P9,P9,P9,P9,P9,P30,P13,P9,P9,P20,P30,P30,P20,P30,P9,P9,P9,P9,P10,P10,P20,P9
ZUCCHINI,P3,P10,P30,L13,P30,O5,P3,M18,C25,P30,P30,O6,P3,P30,L9,I13,P3,P30,M25,P3,P30,J14,P3,P3,P4,N9,L6,P30,P2,P3,I10,P3,K19,P3,L16,P3,N17,P3,P1,P30,P6,M3,P4,N22,L5,P2,M2,P3,P4,P30,P15,P30,P8,P30,P30,N27,C22,P2,L8,P9,P6,M17,P30,P8,P2,L5,N24,P30,P4,P2,H24,G14,N9,P25,P5,P30,M2,P30,P4,M25,L7,P3,P9,H24,P3,P3,L7,N5,P30,M11,M8,P2,N19,L9,N2,O30,M25,M8,P30,P3
GRAPE,M9,D5,G12,D19,D13,D15,C18,D5,G8,B7,E17,B21,D5,B7,D20,D9,D9,E12,K17,F8,B13,E9,E21,D12,C18,I19,D10,C14,A7,B20,D12,D10,F20,D12,G7,G7,B9,B20,A1,D20,G9,D18,P1,G12,J20,H6,A7,D18,D17,G8,C14,H10,G8,P3,D7,O15,G9,G9,F13,C21,B6,E14,C2,C15,F14,A9,F7,C18,D9,F7,C8,D13,G9,H14,A7,C20,G8,K18,C20,D8,D8,C21,L6,G7,G8,E15,D5,D7,A3,G11,F10,D10,C22,F9,D5,B14,C6,G9,C16,C14
CUCUMBER,C9,C5,C5,C7,C7,C9,C7,C5,C5,C5,C7,C6,C8,C6,C6,E9,C5,C9,C5,C9,C6,C4,C6,C7,C19,C8,C6,C8,C6,C8,C5,C9,C6,C6,C5,C6,C9,C6,C9,C5,C7,C7,C6,C8,C9,C5,C6,B5,C6,C9,C6,C5,C9,C7,C6,C6,C5,C15,D6,C7,C7,C6,C7,C6,C17,C5,C6,C6,C8,D7,C6,C6,C7,C8,C7,C4,C7,C6,C7,C6,C6,C5,C6,C7,C7,C6,C6,C6,C6,C5,C8,C6,C4,E10,C8,C7,C6,C5,C6,C6
COCONUT,P5,M8,L8,N7,G6,J19,K1,O9,A10,P2,J15,P3,P12,P3,D15,P1,D20,E9,M8,P30,M16,P3,B9,O11,O26,O19,E19,C26,J17,C18,O8,P3,P9,P22,G8,P3,A1,P3,B9,P9,O8,G14,P3,P30,M2,P3,O15,I15,I21,N10,P3,M9,P1,P4,P3,D6,P30,P3,C18,N22,M13,P3,P11,D22,F8,P30,K24,P25,O16,P30,L9,P2,A7,C25,P1,L9,G5,B8,P7,N30,P3,N6,P30,P1,F23,G7,C10,P3,M13,O7,A30,N15,C23,O7,G7,P3,J10,G9,B20,I8
EGGPLANT,F7,A4,G7,A7,A7,E9,G9,G6,A12,B7,K11,E8,B6,A7,H5,G6,D6,G5,E7,B8,P24,G9,H7,G7,G9,G7,D6,F5,B5,A8,D15,G5,G7,M9,A7,M7,D5,G5,A9,A5,E8,E9,J2,G6,J10,D6,H8,G7,P3,H7,H5,A9,A7,G7,G7,H7,C8,F9,M15,D9,C4,D8,F7,A7,L9,D4,A7,H9,A7,G9,G9,G6,G9,G9,A30,G9,A3,G8,G8,H6,F9,G9,B7,A3,B8,E9,A8,D7,H7,C5,G9,D14,A7,B25,D6,G7,P8,A3,C9,A6
ASPARAGUS,A7,A7,A7,A6,A7,A7,A7,A7,G7,C7,A3,D5,A5,A6,G14,C16,A7,A8,A9,H5,A7,C3,A5,A7,A7,C7,A7,A7,A7,A1,A7,A2,A15,A6,A6,H8,C7,A7,A9,A7,A7,A7,A9,B5,A7,A7,A7,A5,C6,E8,E8,B7,A3,B7,B3,A7,K5,A8,A7,E5,A3,A7,P30,A7,C17,A6,A3,A7,B6,C4,D7,D7,A9,A7,B7,H24,C1,D5,E9,A7,A7,B11,A7,A4,A6,A6,A8,A7,A7,A7,A3,H7,A7,A3,E5,G6,A7,A6,A7,H7
PEACH,O3,O8,O8,N24,N8,O9,N5,A3,M13,M12,F16,M7,O9,H5,N9,O9,O22,P5,O6,M10,I17,O10,O8,M8,H9,N6,O8,I7,N7,M15,N7,O6,O6,P3,M5,N9,L7,M15,M10,P3,M9,O5,N4,N9,L12,M17,M7,P3,M19,B9,N21,M13,N6,N10,P3,M18,P30,N5,M10,M4,M3,N20,M8,M9,N19,M16,N8,N27,N16,O6,N6,N16,L9,N7,M11,N7,B7,M15,N6,N15,M9,M13,P9,P30,M9,O16,O7,N5,N11,P3,O4,O6,N6,A15,N6,G15,N9,J17,M12,O3
APPLE,O5,A6,A10,A2,A7,E13,A7,A5,C10,B14,P30,P9,L5,A3,A3,H6,A11,A5,J23,D14,A1,G6,A2,A9,G10,G8,G8,A3,O8,A3,A5,D9,G10,C20,A10,J3,B13,D6,A30,A8,P3,A9,A10,N3,A6,F8,A5,P3,A1,O14,A6,A3,B12,A3,C17,G17,A1,B13,K11,B20,L1,A7,P3,A3,D9,A3,A8,P3,O3,D3,L4,A3,G5,B20,A1,C20,A8,H10,A3,G13,P3,F10,B16,E14,A10,E6,C20,E1,A3,A8,A10,A1,G5,P9,P12,A3,A5,A3,P3,B10
EGG,G5,C6,B8,C6,M14,G5,B7,A14,G5,C3,D5,D8,D5,H7,A5,E8,C6,A5,C6,L10,F5,C6,M8,D6,A7,G6,G6,C3,G5,C5,D7,H12,E9,E7,H7,J9,C7,D3,E6,E5,A6,C5,D5,A5,B5,D5,H7,G5,A6,D4,G5,H6,D6,D7,J5,B6,C7,B5,G3,F5,G5,G5,E7,G5,B4,D3,D5,C6,G5,G5,E7,B5,G5,H5,C5,G5,J5,G5,C6,G5,H5,G5,J8,E7,D6,B2,G5,D5,H2,D5,C6,E8,M5,A5,D6,G5,A7,H7,M30,G5
BANANA,B9,B7,B6,A9,A7,B6,B5,B6,B5,B5,B6,B5,B7,B7,B5,A7,A5,B5,A7,A7,B9,A5,A7,B5,B9,B6,B5,B5,C3,B6,B5,B6,A3,B5,B8,B6,A4,B6,A7,C12,B6,B6,B6,B7,A6,B5,B6,B7,B5,B8,B8,B9,A6,B8,B9,B9,B8,B5,B5,B7,B9,B8,A7,B6,B6,B7,B5,B6,B8,B7,A6,B5,B5,A6,B5,A5,B7,B7,B9,A7,A7,B7,B5,B6,A5,B9,B9,B5,B7,B6,B5,A7,B7,A5,B5,A6,C5,B6,A7,B5
TOMATO,H5,F6,F7,L5,G6,D8,G3,H5,F5,G7,G6,J7,I5,H5,G5,H6,G5,M5,G5,J13,C5,G4,G6,G5,J8,H6,H6,G7,H10,G8,H5,G7,G6,H6,J5,G6,I9,H9,A13,G11,F4,F5,J9,G6,G5,D25,F5,G5,H11,L5,F6,G5,F4,G7,G7,G5,F9,G4,G5,G5,J9,F5,G5,G6,G8,H7,A8,G5,G7,F5,J13,H6,G4,J6,G7,F5,G7,I7,J5,H7,I7,G5,G8,H6,G7,G5,G7,J5,G5,G6,G5,G7,G7,G6,G6,G6,G5,G5,G7,G7
BEET,A10,A6,D7,G8,D7,G9,G5,C9,L5,B6,A8,G7,D4,G5,D6,B6,G7,A3,J10,A1,D7,C5,C7,B6,D5,D7,G5,K6,E7,J9,G6,J11,C6,F7,J7,D6,D9,C5,B6,B3,B5,G5,D6,B7,C7,D9,F7,G9,D7,B6,A6,D5,B7,G5,G5,A3,G8,G10,G5,A5,F5,H9,D7,D7,A7,C9,C5,B6,G6,A5,D7,D5,D6,A6,G9,B6,B6,D7,D6,C7,G7,D9,A6,A9,B6,H9,E6,C15,D6,D6,E6,A7,D9,A5,C8,D3,D8,G7,F4,B5
PEARL,G7,D13,C13,H19,D20,M14,H23,J23,B22,J23,P21,C20,H22,O6,K7,H14,A7,M10,H11,H7,C22,G10,I13,G6,G8,G11,P5,H24,A7,D22,G7,J21,A2,E7,N22,L24,N19,G13,A7,P13,P20,A10,G4,E5,K18,G21,J27,C24,A5,H23,L11,D14,M24,C22,M8,P3,H7,N9,J25,L23,M19,O8,G15,E27,P6,I24,N23,D12,A3,D15,E11,P3,M11,G15,H6,D20,I1,A3,D20,M6,P3,M20,J22,F8,D4,H20,L9,D14,D15,I11,L12,F15,G21,P3,O13,G14,K9,H7,A3,E22
AMETHYST,C30,L9,A7,B7,A3,H9,A1,B30,D8,O24,A1,G2,M7,L7,A7,C6,C2,C2,C8,A2,A1,D3,A7,A1,G1,A1,A7,A30,D20,M8,A1,A1,A7,B1,A5,A3,G8,E9,L1,E7,A6,A9,C22,A7,D3,H24,M24,A1,A30,A3,A3,J20,F7,H8,A6,G6,F23,A6,A7,B9,A7,A30,D5,G20,C30,K15,A3,A9,A1,A1,K14,C20,G11,F7,A3,G22,K13,G3,G8,B3,A1,G6,H2,A7,A7,A7,E7,A1,A6,H30,C1,A7,B30,A13,A30,A7,A1,E11,G9,B2
SAPPHIRE,L14,P30,L28,L28,P30,B26,L29,J27,L16,G22,M24,P30,L26,P22,G13,M15,N25,L30,L26,P30,N22,M27,A30,L15,G22,P25,B30,L28,M19,B28,M28,P30,P30,G13,P30,L25,G20,M27,M29,M26,M25,M26,J27,M29,K29,N28,M26,P30,B23,L28,L27,L25,M25,M25,G22,M27,P19,L26,G14,L27,P30,L27,L20,L12,P30,J27,N23,L21,K25,M29,P29,L9,P30,P30,O10,M25,C27,M22,M26,P9,M29,L7,O3,J29,M24,P30,L24,N23,P30,L28,M27,J20,N20,O23,P1,M23,M24,J16,M29,J26
GOLD,G7,G5,G7,G6,G7,G5,G8,H6,G9,G7,G5,G6,G7,G7,H5,G9,G7,G9,G7,H6,G5,G5,G6,G5,G5,G8,G30,G5,G6,G6,G7,G7,H6,G7,G8,G9,H6,G4,G7,G5,G9,G8,H6,G7,I6,H4,G7,G9,G7,G7,G5,G7,G7,G5,G8,G3,G6,G7,G8,G6,G10,G5,G7,G5,G7,G7,G4,G7,G5,G6,G5,G7,G7,G6,G7,G5,G5,G5,G6,H7,G7,G9,G5,G7,G6,G7,G5,G8,G7,K5,G7,G10,G7,H6,G7,G9,G7,G7,G5,G7
RUBY,D9,D7,D5,D6,C6,D7,D9,G7,E4,D5,B5,D3,D5,G4,E7,D6,D9,D7,D7,B5,A7,D5,C7,D7,D8,C7,D5,A7,A6,C6,D14,D7,E3,D6,F7,G8,D6,D5,D13,D5,P7,D5,D14,D14,D7,A7,D7,E13,D3,C6,D5,E6,F3,C6,D6,E8,D7,B4,D15,E4,D6,D6,D5,C4,F6,D6,E9,A6,D5,D8,D6,D5,A8,C5,D13,C6,D5,D6,D7,B6,E9,F5,C6,C6,D5,A7,G4,D6,E5,D6,A1,B5,D6,D7,A7,A7,D6,A6,C6,C6
JADE,J9,J9,J3,J5,J3,J7,J7,J6,J6,J7,J5,J3,J5,J10,J6,J15,J8,K7,J7,J7,J5,J5,J7,J5,J8,J7,J3,J13,J4,J3,J5,J9,J5,J5,J9,J3,K5,C20,J3,J5,J5,J7,J6,J6,J9,J5,J3,K4,J5,J3,C24,J5,J5,J5,J7,J5,J5,J5,J6,J5,J4,J5,G8,J9,J5,J5,L7,J4,J7,J3,J9,J7,J5,J9,J8,J9,J7,J5,J7,K1,J5,J3,J5,J8,J5,J9,J5,J5,J5,J5,J5,J8,J5,J8,J4,J7,J3,J4,J7,J7
TILE,J8,L3,K3,P3,C25,P3,J12,K3,J3,G8,B4,P8,L1,J3,K12,P3,P3,G2,J30,J3,J17,K9,L8,J10,L6,G5,G2,P3,P30,G7,G7,A5,O3,P9,H6,J12,H10,P3,P3,P3,G9,H7,K5,P1,P3,L3,L9,P9,C20,K2,K4,J7,I5,G10,P3,I9,P4,G7,I9,P3,P3,K17,K3,K3,P3,H8,G7,J15,H30,B7,L5,G5,H9,G5,G6,P3,J30,L7,C17,P6,J3,G9,P2,K18,D8,J11,L6,G11,P9,K20,G10,K9,L3,L6,H8,P9,L7,P2,K7,L13
LAPIS LAZULI,L6,K13,L11,L7,K17,K17,L9,K8,K9,K6,L8,K9,K13,L17,L9,K15,K7,K11,L5,K30,K30,K30,L19,K17,L4,K24,K9,K5,L7,K3,K24,K9,L7,K13,K15,L15,K9,K13,L8,K9,K30,L7,L8,K9,L9,K7,K2,L9,L4,K3,K8,K9,L13,K7,L7,L5,K11,K15,K8,K22,K9,L6,K8,L9,K4,L9,K14,L7,L17,K7,L11,K9,L11,L9,K30,L9,L7,L7,L13,L9,K3,K8,K15,L9,L8,K2,L9,L7,K9,L6,K30,K9,L6,K30,L13,K7,L8,L7,K9,L9
AMBER,C9,A6,C8,A6,D5,A7,A7,D9,A9,A7,A7,C7,D3,D9,E9,B5,E1,C6,A4,A4,A7,D5,C7,D4,B8,A7,C15,D5,C9,A7,A9,D5,A6,A1,A7,G6,A7,A6,C8,C16,A12,B3,B7,A7,D13,A7,A7,A9,B9,B6,G9,A7,A7,A7,C20,D9,C14,B3,G7,G8,B4,P3,C8,C7,C7,E6,A6,D9,A1,C8,B5,A7,B3,B3,A7,B9,H5,A7,A7,A6,A7,A5,A9,A4,A7,D5,A7,A6,A5,C5,D5,A7,A2,A7,C7,D7,A6,A5,A1,D7
BRICK,C8,B5,B13,D7,D5,A7,C9,C8,B6,C5,D5,B15,C8,A9,C5,A3,C5,C7,B5,A3,B3,B6,C3,C9,C9,A5,C7,C6,C8,C8,C5,A3,A7,D22,D6,B8,A5,A3,C7,D10,B6,B9,A7,D6,A7,D5,D6,D5,C6,A8,A7,B7,B5,C1,B6,A7,C5,D3,D5,A7,C6,L5,C5,C5,B7,B5,A8,B3,A6,C6,D5,G8,B8,B7,C8,A5,C6,C5,D5,A7,A6,A7,A7,B5,A6,B10,C5,A5,B6,D5,D5,B7,C4,C3,D8,A5,D5,A6,A5,D8
EMERALD,M17,M9,N15,N16,O3,M5,M9,N16,M15,M5,N16,L10,L9,N5,P9,M15,M15,C21,M18,M10,M19,M10,M13,M12,M8,P6,M25,N10,M8,P1,M7,M19,M8,K19,M11,M8,M4,L9,M18,O15,M6,M17,M10,N9,M16,M20,M10,M10,M9,N18,L14,N19,M15,M6,N16,M15,M10,N9,M17,M16,M5,M9,N20,M12,M16,N17,M19,M18,M13,M10,N16,N15,P8,M17,M10,M9,N24,N15,M13,M6,M17,N9,M5,P14,M1,N20,M9,M8,L12,O9,M16,M5,N10,N24,N8,M9,P3,M17,M14,N15
SUNFLOWER,L9,J21,N18,N25,M12,G14,G9,G12,J9,K7,I12,P9,I9,G9,P8,G13,N19,H16,K16,L8,I17,J16,N21,O14,H14,G12,L10,N25,M8,M3,K9,M28,H13,E14,M15,H7,M5,H22,D19,G16,I20,E19,A3,N9,I8,J12,L13,L5,M14,G15,I14,B12,K18,G7,I7,D26,G14,F5,J15,K8,L11,P8,I14,L15,N11,G9,F25,N18,M13,O10,L16,H16,L21,M23,L10,M24,G9,A9,J14,M9,K20,O7,K19,P9,I5,M8,G12,E13,L5,M11,M18,K19,K9,M17,K17,J22,A7,E13,F10,M15
BASIL,A3,B5,B8,B6,B9,B9,B7,A5,B9,B7,B6,B9,B9,B7,B10,B8,B10,B6,C5,B5,B7,B6,C1,B7,B5,C7,C4,B7,B7,B5,B5,B8,B9,B9,B9,B8,B5,C9,B7,B6,B5,D6,B9,H6,B8,B15,C9,B8,B12,H4,B5,B13,B3,B7,B5,B8,B6,B11,B7,B6,C8,B12,B5,B7,B5,C9,B5,B7,B9,B8,C8,B6,A5,B8,B9,B5,B7,B2,B6,B9,B9,B7,B8,B5,B7,B12,B8,B6,B7,B9,B11,B11,A8,B9,B7,B6,B18,B8,B7,A7
MALLOW,M10,M15,M6,L9,M9,M9,M10,M9,I14,M9,M1,M8,M4,N9,M14,M9,M7,M16,M7,L9,M8,M7,M3,M6,L8,M9,M10,M7,M6,M11,M7,M8,M15,M9,M7,I12,M6,L11,M17,L13,M15,M9,M6,M9,M8,M11,M15,M15,M5,M7,L9,N7,M4,M11,M7,N8,L11,M16,N3,M13,M9,M12,L17,M18,L9,N8,M9,M15,M7,J18,L9,M10,M9,M21,M13,M9,M5,M4,N9,M8,M9,L10,M17,M9,M9,M13,M11,M8,L10,M9,L6,M8,L12,L11,M4,M10,M14,M5,L9,N5
LAVENDER,K8,K9,K9,K15,L8,L7,L7,L9,L7,L7,K9,K9,K9,K9,K15,K30,L9,K10,K9,K9,K12,K13,K9,K7,L9,L7,L9,K20,L8,L7,L7,K15,L9,L9,L7,K11,K13,L7,L5,K9,L9,K22,K9,K17,L8,K8,L5,L8,K9,K12,L7,K13,L9,L6,L7,K9,K15,K13,K9,K19,L8,K16,K9,L5,L8,K11,L15,K9,K19,J15,K16,K9,L6,K4,L9,L8,K23,L9,L9,L7,K9,L7,K7,L9,L9,K14,L5,K14,L8,L7,K11,K19,K6,K10,J22,K6,K9,K15,L9,L7
POPPY,P30,P30,N30,P9,P30,P2,P30,P3,P30,P30,P30,P9,P9,P30,P9,P30,P30,N30,P3,A30,P30,P9,P17,P30,P9,P30,P30,P30,P10,N30,P3,P9,P1,P30,P30,P3,P30,P1,P30,P30,P5,P30,N30,N5,P9,P3,P30,P9,P30,P18,N30,P7,P30,P30,P30,O7,P30,P3,P9,P30,P30,O9,P9,P6,P30,P30,P30,P30,O9,P30,P9,P30,P30,P30,P30,P30,P30,N11,P9,N30,P30,P30,P30,P30,P30,P30,P30,P30,P30,P3,P30,P30,P30,P30,P2,P20,P30,P5,P30,N4
WHEAT,J14,J16,G6,G5,M4,G7,K15,L7,N5,G5,K14,K24,G7,O9,H9,L6,I5,G7,M3,K6,G7,N6,M5,G6,K20,N8,G9,K9,H7,G9,M6,N3,K11,G9,F11,H9,N8,O5,J22,G6,K8,G7,G7,J11,G8,K6,G9,M5,M8,M5,K16,P6,G6,K18,J15,N5,L8,N15,J12,I9,M4,M8,K11,J6,L7,G5,M12,G8,L7,G6,H8,K14,B8,O3,O4,G6,J13,M9,G12,J9,G8,G5,I13,H8,F7,M6,L13,K17,L8,L9,H7,K16,M4,M13,J7,J14,L9,H7,K4,G4
CARNATION,C6,C7,C9,C7,C8,C5,C5,C7,C7,C9,C9,C7,C6,C9,C6,C5,C6,C7,C6,C7,C6,C5,C6,C10,C5,C6,C6,C6,C6,C7,C8,C6,C6,C8,C7,C6,C6,D7,C4,C9,C5,C6,C7,C15,C14,C5,C6,C6,D5,C8,E5,C5,C7,C7,C6,C7,C6,C6,C6,C6,C6,C7,C7,C8,D5,C7,C7,C6,C6,C7,B3,C7,C9,C6,C6,C9,C8,C6,C6,C8,C9,C9,C6,C6,C6,C6,C6,C20,C7,C7,C6,C6,C6,C5,C6,C6,C6,C8,C6,C6
CORAL,D7,D5,D7,E9,G6,D8,D5,A7,D7,C10,E2,G8,D8,E8,H6,D6,G6,D8,F6,A8,C9,C8,C6,D8,H13,B10,G9,G6,G6,E5,E6,A12,F8,E9,E11,E19,D9,C13,D9,C6,D6,L5,D6,G5,D6,E9,D6,C8,D9,C7,D5,G8,B4,F7,D6,E8,E11,B7,C9,P1,A7,C6,D9,D6,E5,F16,B9,G15,E10,I9,C9,G6,F5,C8,C8,D10,A12,H6,C9,E13,D9,D12,D13,C6,B7,G7,C9,E7,H8,F6,C5,C8,H6,D6,G6,H8,D8,B6,E12,B10
MINT,N6,M7,N7,M9,M11,M12,M11,M7,M14,M13,L10,M5,L7,L9,L8,M9,M11,M8,M8,L10,M10,L9,M9,N30,M9,M10,L9,M8,M13,M1,M9,M1,K12,M1,L12,N9,M13,M9,M1,M9,M9,M8,M30,M8,L7,L8,M10,M1,M6,M16,L8,M15,L6,L5,M7,M1,L7,L9,M5,M11,M9,M9,M5,M14,M9,L8,M10,M6,M13,M19,M5,M9,L9,L9,M9,L10,L8,M9,M10,M9,L8,M9,L10,M13,M1,L13,M9,M11,M7,M16,M11,L9,M9,L10,M1,L10,M1,M9,M13,M7
WOOD,D6,E16,M8,D7,E11,L7,J13,G7,G5,M20,E11,G4,E1,M8,E6,C17,I6,N7,G9,G5,B18,M10,D4,L9,H11,A3,L3,H13,L14,L9,M4,G6,M6,L5,O9,N23,H5,G12,G12,M3,C21,G12,G10,M9,K5,K5,N6,N7,F8,D10,D5,D9,D7,H9,M5,H12,J10,H21,L13,L3,N8,P4,L3,M11,M8,J8,P1,L9,H8,B1,J5,M3,H10,B9,E8,G12,O12,L10,J14,G10,A9,D7,C12,D18,M9,G9,M8,P5,G10,E12,N3,I5,J13,M20,H9,B22,C16,G13,N19,K19
HURRICANE,G9,G5,G6,G9,G9,G5,G7,G5,H7,H11,H9,H11,G7,G7,G5,G4,G5,G13,H11,H5,G5,G10,H11,G15,G6,H9,G9,G14,G5,G8,H9,G5,G5,G7,H6,G10,G4,G9,G9,H8,G7,G8,G8,G6,H7,G8,G7,G7,G7,G8,H9,G8,H7,G8,G7,G8,G9,G5,G8,G6,G5,G6,F2,G6,G8,G6,G6,G6,H8,G9,G9,G5,G5,H10,G7,G11,G7,G6,G5,H9,G6,H8,G6,G7,G6,H9,H5,G15,G5,G6,G8,G5,G15,G7,G10,H6,G9,G6,G8,G9
SKIN,E12,M11,D20,G19,J19,G24,L12,K17,B20,H7,L17,K23,P11,P3,D30,B12,N13,L13,L2,C20,C19,L9,P4,G4,G14,G18,H25,K20,I3,O8,H20,I9,J20,N17,P30,P4,D17,C20,L10,K11,G14,P6,H10,K14,P3,L20,P1,J20,A8,H8,L9,L17,D24,M16,A17,M4,P18,J14,L15,K17,P3,N22,J11,G9,M15,G30,K13,O10,M17,G9,K16,I10,L10,K16,M6,L27,G15,H6,A7,G21,B7,J16,L22,G20,M22,M21,K21,M13,D17,N16,M3,C15,P4,L19,B17,O3,J20,N3,P5,B24
FIRE,F7,G13,F7,F6,F6,F6,F7,F9,F9,F7,F7,D5,F7,F7,F7,F7,F9,F7,G5,F6,F7,F7,F6,F6,F5,F5,F7,F7,F6,F7,E8,F7,D5,F7,F7,F7,F8,F9,F7,F7,F7,F7,F7,F6,F7,F7,F7,F7,F7,G10,F7,F7,F5,F5,F7,F7,F9,G7,F5,F6,F7,F7,F8,F7,F7,F7,F7,F7,F7,C6,F7,F7,F8,F8,F6,F7,F7,F7,F7,F7,F6,F7,G9,E5,F7,F7,F8,F7,F7,F7,F6,F9,F7,F7,G5,F8,F7,F9,F7,F7
SAND,G6,G5,M3,G7,M13,P2,G11,H5,G8,H7,D6,J2,G15,F7,L9,J9,G6,I8,C28,H25,P5,L10,O5,G9,K5,J5,G4,J10,K19,D5,P4,H11,C20,M7,G9,P3,G6,H11,J7,H9,E7,A7,J9,G6,A6,H5,H5,I3,G5,G8,G7,D5,L9,O5,J3,G5,H22,G7,G10,A3,K8,K18,P3,G8,I13,G6,H23,G10,P12,P4,I4,K14,H7,D9,G9,G16,P3,B3,P7,H2,D9,D8,P7,C18,G8,H13,H7,G5,P3,M9,O15,J21,I6,P30,H15,G6,N15,A3,G5,B13
SEA,G5,G6,L7,D8,B18,H15,A12,M16,G20,O5,F15,A7,D3,N3,H17,G5,D6,C19,L3,A1,H5,A7,G8,G22,M26,H12,H22,G8,G5,D13,D9,H10,D4,E5,I6,H10,E16,J24,L5,B4,M3,M16,G8,L26,A5,M5,I14,G20,G8,G12,G4,P8,H7,G5,C22,H2,B13,C13,H9,A7,O13,D5,O4,M8,A3,K8,F15,H6,H14,J21,H8,B5,A6,D5,D3,L24,A7,A5,M3,D22,M19,A7,F7,M24,D15,B20,G15,B9,A3,J7,G7,B14,P8,J15,M10,H11,D7,A2,A7,A10
MUD,M7,L7,M9,M9,M11,M9,M3,M16,M9,M8,M10,M12,M7,M7,M8,L7,M8,L8,M7,L9,M16,M9,M8,M13,M12,M9,L10,M4,N5,L9,M9,M5,M5,M7,M6,L8,M9,N2,M13,M9,M9,M8,M9,M10,M7,M8,M9,M9,L8,M5,M15,M8,L14,L14,M10,M5,M15,M7,L11,M12,M16,M1,M8,M7,M11,M7,M6,M9,N13,M5,M9,M15,M9,M8,M9,M9,L7,L9,M11,M9,N6,N7,L8,M10,M4,M9,M9,M7,M3,M9,L9,M17,M4,M13,N5,M7,M5,M4,M9,M4
GRASS,M14,M1,M15,L18,M10,N20,M3,M8,M10,M17,M13,M17,M7,M11,L8,M11,L10,L9,P3,M17,M15,L10,L9,M5,M9,L8,M12,M9,M16,M15,M15,L12,M10,M15,M15,M3,N3,M13,P10,M4,M5,M9,M13,M16,M5,M13,M10,M9,M16,M3,M14,L13,N9,L9,M17,M8,M19,M13,L10,M5,M13,O7,M3,M3,M12,M5,N1,M16,K16,M10,M20,M11,M9,M12,L10,K15,M10,M14,M10,N7,M10,N9,M9,N3,L11,M14,M5,M9,M13,N3,M12,M10,M9,M8,M9,M9,M15,K17,M19,M5
POND,P9,P9,P9,P9,P5,P30,P1,P30,P9,P30,P30,P9,P9,P5,P9,P9,P30,P9,P30,P9,P9,P9,P9,P9,P9,P9,P30,P9,P30,P30,P9,P9,P30,P9,P9,P30,P9,P9,P9,P9,P9,P30,P30,P9,P5,P30,P9,P9,P2,P9,P9,P9,P9,P9,P9,P30,P9,P9,P30,P9,P9,P9,P8,P9,P9,P9,P5,P1,P9,P30,P1,P9,P9,P9,P30,P9,P30,P9,P9,P9,P30,P30,P9,P9,P9,P9,P1,P9,P30,P30,P6,P9,P9,P30,P9,P3,P30,P30,P9,P9
SUNRISE,E16,G7,O5,C15,F7,H5,B14,F10,A7,A13,G14,H8,G12,M3,H14,M8,N10,G9,B3,D9,A3,P30,M15,M17,E17,D13,J15,F7,A3,D23,G4,C22,G9,G5,B24,G6,C15,C17,M15,E5,G4,H11,C16,H10,G9,D16,D16,G7,G6,D8,G9,C7,D14,C9,F2,D6,B8,P3,G13,M7,D20,L3,I5,D13,F7,A7,F4,D17,C14,B11,I7,C15,C2,P3,G7,G12,G6,D9,B13,B6,D5,H9,I5,G10,C18,G6,C9,E9,D10,F6,D15,G7,J13,H9,B22,K19,F10,C16,J5,M5
MOSS,N5,L10,M13,N9,L10,M13,N10,M9,M11,L12,L24,M15,M4,M11,J17,L9,N7,M10,L11,L7,M14,N8,M16,M17,M13,M14,L10,L9,N3,L8,N18,N3,N9,M12,M3,O9,N3,M9,M11,M15,H24,M12,M17,M14,M11,M15,L8,M11,O3,M9,M15,M17,N7,J13,M14,M10,L10,N8,N5,M18,N20,M9,M9,M19,L9,O5,M9,L15,M7,L8,L9,M10,M9,M14,M8,M12,M12,M17,M10,M15,M13,G10,H4,N9,F8,M10,M5,L8,M16,M10,L7,M9,M10,M9,M9,M10,L5,M15,L12,M10
SKY,H10,F7,L9,K3,K17,L10,L13,C8,L9,J18,H10,G22,J15,K26,N25,J19,P9,K13,L3,E9,F1,H10,K22,P3,M6,H14,J10,G18,P3,C16,P9,N18,L28,L25,B21,L9,J13,H9,D13,L7,P9,P3,H8,K17,J15,N25,G7,L14,H23,I11,J17,G10,P3,N17,I15,M23,E18,K23,M10,B17,L26,I2,E12,M3,E7,D9,D5,M20,K15,I17,J22,H3,F7,K21,P9,K19,F12,L10,L23,D15,E9,H6,J15,H20,M18,L3,K6,A9,D10,G15,G13,G9,A24,K15,H8,B19,M19,L12,K21,K11
THUNDERBOLT,M20,P30,K23,L25,P9,P7,P3,P30,P3,N9,L26,O9,O22,P2,K25,P30,G11,K22,G19,A19,I23,M3,C22,M19,F11,M16,K26,P30,O17,M25,J21,M25,C23,P3,K30,L25,I20,K21,I4,P3,L18,K26,G21,I25,P8,P8,E19,J20,P30,A9,P7,D11,C26,H20,O21,J17,K18,G8,N25,P1,N24,K22,E20,E27,P30,B20,M24,K23,N24,K22,B21,I23,C23,C21,G24,A6,J23,O29,P3,P3,A6,P6,K18,B2,P30,H8,P30,B15,P3,B15,B22,P23,P8,G8,P1,J27,N20,G7,P3,P3
BLOOD,A7,A7,A6,A7,B2,A7,B8,B7,B7,E5,A6,B7,A7,A6,B7,A7,D4,B9,B7,B9,B8,A7,B6,B7,B6,B7,B5,B7,B5,A8,A6,B6,B7,A6,A5,B7,B7,B6,B5,B5,A7,B7,C7,B7,B6,B7,A6,B8,A6,B9,B6,B7,B6,C5,B9,A8,B7,B6,C5,C6,B7,A7,C6,B7,B5,B8,A7,B8,B6,B3,B6,B7,A7,B7,B7,C6,B6,B6,B6,B7,B7,A7,B7,B7,B6,B7,A7,B7,B7,B7,B7,B8,B7,B7,A7,B7,D5,B7,A7,A6
SUNSET,C17,E9,D5,H16,M22,G13,P30,C9,D14,P3,D5,H16,C19,G15,D13,J14,G14,B10,D20,G5,D14,M8,D20,P22,G17,B9,C20,C14,F14,B14,D7,D15,J18,C20,D20,C17,E13,B10,G18,O15,F2,D6,G17,C20,G15,C15,D10,F14,D5,G14,B13,E8,D14,D9,A22,E11,B13,H12,E7,G14,E7,H9,B12,E19,G14,D13,G12,C15,A5,D6,K25,E13,D5,O16,E16,C22,G15,D14,E14,D20,E15,D14,C15,E7,D15,P6,I25,D9,D9,O5,E7,D10,E20,I3,E7,E8,D25,D14,B12,G13
SHAME,A3,L23,D22,P30,D12,A5,D20,A8,A1,K22,A3,A7,J20,A3,I4,D20,J22,G11,B2,P30,P24,P1,A4,P3,F10,A18,B19,H10,A22,J24,L10,K23,A19,G8,J14,I11,P26,J21,L2,I16,A8,A10,C10,A6,H15,A7,L7,G11,F12,A2,P3,O29,A30,A1,H3,J14,G18,A1,K3,F15,C24,J27,A20,P15,A3,L2,L6,E24,A6,P19,P3,P30,A20,C21,B3,H27,F24,L27,P30,A6,P30,A3,P3,D29,P2,G19,L5,O17,P29,K15,C22,C22,K24,J13,P23,A7,C20,P3,C27,J7
RELAX,B15,J18,D25,E10,J23,D16,M7,P6,M19,E15,D14,H9,K20,G15,E18,D18,M20,L20,D25,L17,H20,G14,M3,K16,J17,A10,D23,G17,P9,C24,H16,A6,E10,D21,G17,E13,D22,J22,G17,L23,C19,A12,H17,B15,H12,B10,M8,D14,D7,L25,G11,E10,I8,M17,C13,I19,K9,B29,B10,L27,M18,E19,J15,D20,H14,P18,M8,G16,K12,L18,E14,M10,E22,F12,H10,D20,H22,G25,B19,H25,D15,L11,G2,M17,P9,G12,H17,M15,G11,D19,G14,F18,C22,G14,L9,G10,N19,P9,J13,E16
ECOLOGY,D5,C6,E9,C21,D9,C13,C6,D7,C7,D6,C15,D9,B5,D13,D8,C6,C10,D11,B14,G8,H9,B9,C18,B7,B16,C6,C14,D5,J16,J14,G10,H1,D9,C13,C9,D9,E6,C13,C15,F5,D20,C8,C7,C5,D10,D13,C14,E9,D9,D9,D12,D12,B9,D6,C6,C5,E6,C6,C14,C2,C16,D7,C7,D8,D9,C9,C13,D14,D5,D5,C6,D5,H11,E8,E12,C13,C9,M10,D4,D6,D6,A14,E9,D6,D10,C15,D5,E12,D5,B13,E6,D5,D8,D5,E10,E9,E9,D12,M11,D6
PEACE,N18,P30,O5,A7,O3,O3,P7,N17,N22,P3,P30,P3,O5,O3,P3,P9,P9,O14,N25,P23,O25,P8,P3,P7,P3,P3,A30,O3,O1,P14,N3,P3,P30,N19,P3,P30,O15,O14,O3,P6,O4,P3,O5,P3,P9,P30,O5,P3,P3,P30,O7,P3,P7,O3,O13,P3,O3,O14,P3,O10,O11,O9,P3,O27,P3,O4,O9,O3,A5,N20,N8,O3,O3,P3,N19,P30,P3,P7,O3,A20,O5,O5,P3,B18,O13,O3,O7,O5,O5,O20,P3,O3,P8,O3,P3,P30,N22,P17,P3,P3
RAGE,A2,D9,J17,G11,G9,G9,F5,K15,M12,E18,A5,D5,B2,G17,A3,J20,P3,F7,H14,D23,D3,P30,F7,A3,F5,P20,B20,A4,G5,H3,G7,H6,K20,D6,G5,E29,G2,B13,E2,A6,I2,G5,D9,C22,G8,D6,O11,D8,K20,E3,D5,D11,H22,E12,D13,D10,F8,P26,M25,D7,H5,D2,G4,E10,G9,D5,H4,M9,I7,C20,G6,C18,P3,P5,A13,C12,G9,H23,P6,H23,G14,H20,C18,A4,B3,A3,A5,D3,C22,G12,G8,H19,E2,C7,A1,H21,B2,E20,C6,A11
DISGUST,G17,E18,K22,G9,G7,G14,P3,D13,G15,G10,H9,E3,B23,G23,D3,J8,A3,L9,P30,J22,A9,P30,D20,P30,I21,J15,E20,E22,G12,B2,B2,G16,G5,B22,F5,K14,G24,G7,K17,C22,G14,E22,D6,E3,D19,B13,P30,H9,G22,P22,P5,P30,P5,E14,P30,A9,E17,F7,G9,P4,D18,P30,D15,C22,P1,E7,P30,D22,H14,O18,K8,E3,D18,C4,E15,D6,E12,H17,E25,C15,F6,J13,A6,F12,E11,B25,F7,D20,L20,F4,N20,P2,E17,K25,A3,A5,G11,A9,M3,O25
HAPINESS,G6,G8,G9,G4,G7,G7,G7,G9,G9,G11,G5,G12,G8,G5,G3,G10,G5,H7,G6,G9,G9,G6,G5,H1,G8,G7,G5,H1,G5,G6,G5,G1,G15,G5,G6,G7,G8,L4,G6,G7,G6,G5,G6,G15,G7,G6,L3,G9,H8,G10,G7,G8,G7,G9,G6,G7,G4,H5,G6,G4,H14,H7,G7,G7,G5,H7,G7,H7,G7,H10,G6,H9,G8,G7,H6,H1,G7,G8,G5,G5,G5,A8,G7,H9,G10,G11,G9,F10,G7,H9,G5,H9,G7,H9,G14,H9,G9,G8,H7,G5
LONELINESS,K9,J21,L9,L6,K15,L9,K14,L6,K8,L9,L7,K14,K7,L5,L7,L6,K8,K11,K3,L5,L14,L10,K19,K15,K15,K14,K6,K10,K12,L13,K17,K5,L11,K9,K8,L9,L11,L10,K8,L9,K12,K12,K14,K13,K9,K6,L5,K11,L7,K19,L9,L7,L10,L9,K6,L9,K9,K17,L11,K15,K9,K16,L10,K10,K18,K18,K6,L9,K9,K14,K13,L8,L10,L8,L6,L15,K7,K14,L5,L9,K12,K16,K7,L9,L7,K5,K4,L9,L9,L8,K9,K9,K7,K9,K12,L13,K11,L9,K9,L7
DANGER,D7,D8,D7,D6,D5,D6,C8,D7,D6,D7,C5,D7,D7,D8,D6,D13,C5,C5,D7,D6,D9,D7,D7,D6,D9,D8,D7,D9,D6,C7,D6,D5,D7,D7,D7,D6,D6,D7,D6,D7,D7,D7,D7,D5,D5,D7,D7,D6,D7,D7,D7,D5,D3,D6,D5,D7,D7,D7,D7,C5,D7,D6,D6,D7,D7,D7,D8,D6,D5,C5,D6,D5,D7,D7,D6,D6,D6,D7,C5,D7,D6,D7,D6,D7,D7,D6,D6,D5,D7,D7,D6,D8,D5,D6,C7,D6,D7,D6,D7,D5
SADNESS,C22,M7,B10,H15,M15,O3,P21,F16,J19,D20,H14,K22,E24,P3,C20,M5,P3,P1,B14,G14,E17,A2,D5,J20,B13,A4,P19,K13,O20,O12,E5,C20,J6,I15,B15,O15,D7,K18,O6,F14,H2,G6,B6,G5,J3,C19,G14,G15,G9,P2,B6,J16,E5,G11,H23,F21,M16,B7,P3,F11,O8,M15,O5,G9,N23,C19,D3,G7,B21,A7,P7,M9,H10,P7,G9,P3,A20,K12,G15,P18,B3,D8,A10,P3,H20,H5,H15,G12,I9,A3,A3,H13,K21,P3,I7,K19,P3,H20,A5,F17
TOXIC,B6,B8,A5,C22,M3,G13,H18,P3,E20,C15,G6,I6,A7,P2,G24,P3,C20,F6,J16,P8,D20,G30,G24,B4,H25,I2,D23,G22,D15,G16,G15,J12,B6,A3,J18,O12,B10,P3,L23,P7,G21,H9,C20,E19,B5,H5,B5,G7,C19,K24,H13,H20,K7,M6,G9,M20,F20,B7,D27,P1,A12,D10,H3,B2,A9,J11,A7,G17,A7,K24,A3,E19,G3,G10,E11,P3,C26,F10,H3,P1,G9,A3,F13,M28,B10,K23,B11,H14,B18,C1,P3,B20,I14,D5,C21,J17,L7,B9,F20,P3
SUMMER,I10,G7,J16,I17,P3,J20,B6,L9,D10,H12,P8,G12,M7,J9,O17,P30,P9,G5,P10,B19,M5,M13,B15,O9,M9,D11,P3,O16,N20,G11,N5,F11,G15,D5,G9,P3,L17,P3,G10,M7,M9,H14,P3,G15,P3,P3,L15,D17,M17,P9,A10,J14,M13,P4,P14,O7,H14,G8,B3,N24,G11,F13,P8,M23,G12,G9,G9,J12,F14,G17,P15,H9,G16,I7,M15,G6,H9,K8,M14,O11,E13,M20,L17,M7,D20,L9,P3,H5,P3,N9,K9,C9,E21,J10,N14,J18,G11,E9,G10,C16
AUTUMN,J14,B7,D8,F14,D12,E11,A5,G13,D8,D14,D9,E10,E9,B13,D9,G10,F2,D11,D13,D8,B10,D5,E4,D12,D9,H11,C15,K19,D14,D7,C15,C6,D9,D9,D9,C14,D7,D7,D8,B8,G9,D6,E19,G11,D12,C8,D8,G6,O11,G10,D6,D9,F7,M12,C15,E13,A8,B7,D9,D7,D9,C5,E14,H13,D7,M10,D9,D7,E13,D6,D6,E9,D7,M15,D12,C14,C19,H15,D9,G11,D9,G6,D7,C15,C11,F6,G13,H9,F10,D9,B8,D7,D5,E9,D10,D7,B9,C15,E7,E8
WINTER,P8,M15,L15,P1,G9,L9,B12,B14,M3,M19,J14,O11,K15,C13,L4,N16,J4,N18,M5,D15,M5,M13,G13,L13,L10,G15,B13,J10,M2,J15,M24,N17,J10,G14,P3,H14,I11,N8,J17,K6,N17,I9,N22,G14,I3,M5,L15,J15,N9,G7,P4,J15,N5,O8,L8,H7,N21,P3,L19,C18,M4,K11,N17,P1,K13,N6,H10,F3,M15,I14,L7,M12,J7,N22,D9,A8,G10,J16,M17,G10,H14,K19,H20,A5,M12,O17,E14,J20,M14,C25,I10,M23,O12,C14,K12,G22,G13,O16,O15,H22
SPRING,G7,H16,K9,K18,L4,C23,H9,L9,C21,G14,H13,C20,C15,G8,G20,M16,N27,J15,P9,K13,P8,C21,A2,A7,L9,H8,G17,B2,J15,H14,P8,A6,E10,C21,D22,K24,E13,M12,L16,B12,D19,O8,H13,E11,I10,E11,P6,D7,M7,C17,A2,J12,D5,E6,M8,L6,C13,B8,J10,J14,B3,F8,H12,M17,H7,H13,F9,A9,G8,B5,B12,K9,H10,P3,K9,I10,H13,C22,O11,B8,H12,O7,A7,G15,K17,A8,A1,E15,G8,G5,L8,H10,B14,H11,C21,I10,L10,B3,B20,J14
HOPE,H10,O10,H10,G9,J3,H10,I10,G6,A2,H9,G16,O3,H9,N7,P3,G17,H6,L24,J13,H9,H9,H10,G14,M3,P1,N3,I3,A5,O3,I6,P5,I5,L8,H7,B24,G25,H9,M2,H9,O27,F23,J9,P4,P1,H20,P1,G12,H7,O4,H9,H10,G9,H10,O11,H15,M10,H7,G5,L15,H5,P9,G13,K11,M10,O6,G16,O16,H10,N3,L18,H13,O5,M28,H14,M3,P3,H14,J7,H9,M2,H6,H10,I1,J5,H9,K11,G8,G5,H8,O11,H8,K7,H5,H8,M17,H6,J15,K23,H14,M8
FEMINISM,G7,F5,G7,F7,F8,F9,F5,F9,F8,F7,F12,G5,F9,F6,F8,G11,F15,G13,F7,F5,F8,F5,F8,F9,F7,F9,F8,F9,F9,F9,F5,F8,G9,G6,F7,F14,F8,G12,F5,F7,F9,F8,F9,F5,F9,F7,F5,F11,B9,G6,F7,F7,F9,F9,F6,F9,F5,F9,F10,F8,F8,F5,E14,F8,F9,F9,F9,G15,H8,F14,F16,F9,F12,F9,F8,F9,F10,G7,G13,F5,F9,F7,F9,F15,F7,F7,F9,F9,F9,G11,F9,F7,F8,F9,F6,G15,G8,F9,F7,F8
SHRECK,N16,M15,B10,M16,A5,L9,M16,P3,M3,G5,G17,M8,P3,G6,P3,G17,M17,P3,H5,P3,F13,J9,I17,I20,E25,J11,E10,K24,P5,P8,P8,M9,G5,C23,P3,L22,P8,C7,C19,C19,L8,H9,L12,K13,A22,P5,P1,O4,L7,I2,P7,P3,O23,L28,A3,M2,M2,M3,I18,P3,N27,M2,G10,F23,A8,J21,B16,P3,P3,P3,D2,P4,B24,N9,P30,N16,C15,D7,D7,O8,M3,J17,P4,K7,N27,G9,P3,M15,J3,H10,N14,L3,G2,P3,P8,H11,I8,F1,P1,F6
TRACTOR,J19,G11,D20,L15,P3,P4,M19,F12,P5,C9,K14,D14,G5,P3,E13,M11,G7,K12,D2,P3,G17,M22,C16,P8,H12,O3,E27,P7,D25,K19,N24,N17,P8,A8,B12,G6,M17,G10,K24,G5,G5,P1,G8,E8,M7,G9,B18,J15,I8,O4,O11,F25,I4,G6,K22,K9,M14,A7,P10,M14,I19,I10,H8,F21,K15,M19,M16,G5,I9,O6,G5,L6,M16,D9,K19,G15,I11,L10,E16,G17,P6,G15,E12,E10,M13,K11,O5,I18,B9,H15,C21,B30,J20,I9,O12,L19,K22,M25,G11,N2
SONIC,P3,E15,E18,A4,C20,O7,G7,K21,I5,D5,P30,K19,P9,O4,P3,L7,M16,K10,C22,H23,C28,N28,D23,L8,F25,J3,K27,N17,D4,O7,D15,N25,A7,O6,E9,G5,E16,G8,A7,P8,G6,H2,N11,P2,B15,P7,O3,I23,F13,G25,O2,K3,O9,H3,C20,C19,D11,C12,N19,H9,D3,C20,A19,A1,B10,H25,P4,P3,A1,C27,K20,G14,N22,A7,K19,J7,C13,I7,O8,G9,K20,P3,P3,K3,K11,O14,G15,H9,A3,C16,P30,M9,D7,G20,L3,G4,D10,A11,P21,B3
PIKACHU,N14,M19,P3,O30,N19,I20,H11,E15,J19,P2,K11,K14,M3,P10,P7,G13,F5,K25,O10,L3,I4,P30,M25,P30,E24,E23,M23,B16,O17,D19,J6,M26,N9,D3,M13,O5,I9,N29,N14,O20,I10,J9,G8,O3,E24,D20,M16,F15,H18,B24,F9,P4,F23,O14,M14,M16,N25,F17,J22,N8,M25,M26,M23,F8,P3,L19,O20,O7,P30,C20,M7,C24,P3,G18,M17,M28,L24,O6,D11,G11,O22,J18,G19,P7,J16,P1,O21,P3,J3,H14,O21,H19,M11,L13,F24,M21,K25,O20,O1,J3
HULK,G7,H7,G5,H9,H7,G7,G8,G7,H9,G5,G4,H9,G5,G5,G5,G7,G9,G5,G8,G5,G8,G6,G9,G6,G5,G6,G6,G5,H6,G7,H7,G9,G8,G8,G6,G8,G5,H7,G9,G5,H9,G5,G14,G8,G9,G7,G10,H7,G9,G10,G15,G5,G8,G5,G7,G5,G4,G7,H11,G7,H9,G7,G5,H11,G6,G7,G5,G6,G5,H10,G7,H5,H9,G7,H7,G6,H8,H13,H6,H9,G9,G5,G9,G3,G6,G5,H9,G7,G7,G7,H7,G7,H5,G7,G7,H6,H7,G5,G8,G8
BARBIE,D13,B9,G10,D17,E17,H22,E13,B5,C19,D1,C20,D20,G13,A4,A7,D13,F6,A1,B7,C5,C20,D22,G16,M5,H19,E1,G11,A7,E16,A8,B3,B4,D22,G20,C18,G10,A1,J18,B3,D22,A7,B9,B6,G17,F1,H20,H9,C15,F7,A11,A5,A4,A8,H20,O29,G9,P3,E14,A9,E17,D1,E9,H15,D10,F7,A8,E14,H16,D6,A6,D8,C23,D20,D23,A1,B12,B6,A1,A7,G6,A8,G21,B7,C22,J16,C15,C20,G10,H3,A2,F14,A9,I11,E14,A1,A2,C15,B8,B7,D15
BRUSH,B2,C10,B6,B9,B5,C5,C6,B5,A5,B5,B8,B6,C5,B6,B7,A2,B7,C4,B6,C9,B6,B3,A7,B9,B6,B7,B6,A5,D7,C5,B6,B5,B7,B3,B6,C5,B8,G5,B8,B6,E11,G6,B4,B6,C6,C7,B6,C7,B7,B3,B7,B5,A1,D5,D5,C7,C9,C8,A1,B6,E9,B6,C12,B9,G3,B4,A6,B7,A3,A7,B6,B7,B7,C13,B5,C7,B7,B5,C10,B6,D5,B5,B20,B7,B8,B6,B9,B5,B4,B4,B4,B6,E6,C5,D8,C6,B7,B8,C7,B6
SMURF,K20,E8,N19,P3,E2,K13,I9,G21,A6,H24,P3,B9,L19,O7,F6,C11,K25,M4,D14,H29,G9,P30,P17,J17,A7,O6,H14,A7,L19,G5,O5,P24,G4,P9,B6,O25,P8,K24,P5,E9,H3,P3,B20,A2,P3,A3,P6,O25,A7,M13,J13,A3,P6,J24,A3,P3,A3,N20,L21,I10,O20,G22,B6,A25,K5,J20,P30,D2,O15,O15,P3,M5,G9,B2,H8,P3,G14,L8,B19,N6,F10,P6,G17,P3,J19,F19,N18,H8,J18,G9,I9,B22,G4,K23,A15,P6,C3,G18,L7,G16
WITCHCRAFT,N24,M21,J18,J17,M14,O5,N6,H10,I8,J16,P9,G9,H12,C19,M22,K20,J13,I8,H2,M5,I18,L9,P30,N20,M20,L15,F8,O10,I15,I11,G17,M2,O13,M7,G5,K17,H8,M3,N15,L17,J14,O5,H15,B6,J15,C12,G7,O11,O7,H10,N5,L8,J11,K14,G10,J12,F10,L7,N24,N14,P2,M4,B6,N7,H22,H13,K16,G4,H14,H11,H22,H8,O12,M12,I11,G10,I10,I18,O17,N7,P2,N19,A9,N17,F5,J13,O17,M24,L11,K9,K19,G16,G7,J10,P8,G8,J16,F9,C16,M22
BERT (AND ERNIE),C20,B10,D6,C14,O15,C18,D5,B10,K6,E10,D10,E8,C19,E5,D19,B6,C19,H27,D9,A8,E14,A1,C15,K13,C6,O3,D15,B9,E9,B5,E21,D6,E8,D9,A8,E6,D5,E5,C13,D10,C22,C15,C6,H16,B10,C21,D14,B6,C17,C20,D5,B8,C8,E7,P30,D19,D9,G4,E11,C9,B6,D5,C11,C22,D7,C20,B6,D21,D9,B5,C20,D13,F15,C13,D10,D11,C20,D8,C5,D20,G9,D10,B6,D19,D5,E11,D11,C16,C21,G11,E12,B6,D3,C9,D8,E8,D6,B9,C7,D7
GRINCH,D2,L28,K24,D20,D16,P9,A3,O25,L13,M28,P5,P7,M26,G19,H9,K22,O25,M18,H23,J13,B16,K17,M13,H17,P5,E22,A4,P13,I15,G9,B20,H14,G11,C17,L2,I24,P3,K24,H7,I5,I2,E25,A13,C22,L9,B24,D23,K18,B13,A1,J9,B8,H13,K9,D20,H20,L9,F12,A7,L13,P8,L15,L13,A3,J25,F20,A3,E16,P30,J9,P3,A10,B3,I19,G12,P2,K22,B9,L25,B3,H6,F12,G17,J3,L27,K14,H22,L1,C20,B3,E17,B22,C22,P10,D9,N21,A8,G11,B19,G5
SIMPSON,O3,L5,H22,E29,M25,H28,K11,L18,L10,G8,H19,P9,A5,L16,L9,N17,N13,H9,J2,H7,N16,P3,H1,L15,C23,P30,C22,P30,J2,M24,P2,B25,P26,J9,H13,J22,H7,P21,G22,J8,H21,I4,J6,J20,L7,F2,D2,H15,P3,N22,G14,L8,J18,P2,E25,M4,G17,O12,M14,L5,L6,A7,O15,H2,B7,E9,O18,G19,P2,L5,M17,O9,O15,G9,J8,P4,P3,B20,P10,J4,G8,P3,L25,H13,O5,E10,J13,L21,M5,P27,L5,H27,N24,L25,A3,G13,A3,P3,I25,I9
FLASH,I11,G8,E24,P8,C19,C21,K13,J22,D12,H26,B9,G9,B10,E8,E10,H22,H9,H9,O14,P7,P9,O9,L22,J20,E14,F18,L28,A7,P1,A7,C13,G18,J24,M3,D7,E24,J26,H26,M27,G12,G13,H9,D26,C25,C21,A1,I15,J18,M23,K9,C23,M29,G6,J25,G8,H30,E16,E16,B30,G6,K20,O3,K13,M17,G12,E15,B6,D21,L14,I23,K25,G9,P9,G5,G3,G5,H8,D23,D7,B9,D3,F6,C4,E19,H16,H9,E14,M9,P3,G5,K25,H10,F8,P8,G5,G7,G16,C22,K5,K5
COOKIE MONSTER,G16,G22,C23,A7,K15,K12,M17,L17,P3,D15,N18,P17,J17,D17,C20,J14,J22,O16,C20,N19,G28,H17,G18,P6,D12,K10,D27,M21,E23,O5,M22,H16,G17,B21,E13,J22,N25,H15,L25,O3,C20,B3,N27,G8,G7,F6,I17,M14,M19,G2,P3,I20,G10,D12,C28,G18,F9,H7,F13,G21,I15,J23,O5,J22,L7,G17,I17,G11,A12,C13,N16,E24,N7,A1,G3,N25,F11,C17,H18,G7,N20,P3,C15,E14,P8,K19,H9,M14,H21,O9,J15,H8,D15,J17,I22,N22,G19,G22,K13,J18
ERNIE (AND BERT),H8,C19,N24,N20,D18,K5,O3,E9,P3,N24,K8,E14,G21,P15,I7,H21,O7,I15,H24,H14,I3,E19,C19,O21,O6,B22,O9,P30,K18,P9,C14,F20,J3,B8,I10,G20,H12,B20,G5,J24,E18,O14,D13,H7,M6,M13,E12,A20,C21,D8,G13,A1,C20,K19,K13,L2,O7,A2,H4,A5,H22,G8,G4,O17,K17,E12,H26,B3,K8,A1,O7,K11,H22,O11,L25,D13,B2,D16,J13,J13,H11,H11,K15,F9,K25,L14,L9,D13,J22,A5,G24,M28,N24,E8,C26,M18,K14,F21,I12,P30
PETER PAN,P30,P30,P9,P30,P3,P1,P30,P9,P8,P1,P9,P30,P30,P30,P16,P9,P30,P30,P9,P30,P30,P30,P9,P13,P9,P20,P30,P7,P30,P30,P9,P30,P30,P30,P30,P9,P30,P7,P30,P30,P30,P30,P30,P9,P9,P3,P9,P30,P30,P30,P6,P9,P30,P30,P9,P30,P30,P27,P30,P30,P30,P30,P30,P30,P30,P5,P30,P30,P30,P30,P30,P9,P9,P30,P9,P30,P30,P9,P9,P20,P30,P30,P30,P30,P30,P9,P30,P9,P8,P30,P30,P30,P30,P30,P10,P30,P30,P9,P9,P30
STITCH,C14,G12,D9,B19,J11,G10,P1,J10,J18,F22,G5,A6,J22,P3,C19,J20,K3,I21,G8,G8,H19,G9,K12,P30,G5,B22,A8,G5,L16,G9,G9,P8,G8,G6,P30,B3,G17,P3,J20,B30,P3,B5,K16,E9,C17,A8,P3,B7,G21,E3,H26,P3,K8,I8,B4,G11,C21,B3,F4,F9,H9,J14,P3,B5,C12,I9,A7,B7,C19,E9,C20,H5,G5,H9,J2,B13,A8,G7,G18,F9,J13,G4,H1,G21,C7,J20,C25,I10,A7,G16,H8,B6,I14,J19,C17,G3,I21,H23,P30,I3
SUBMARINE,M25,L26,O27,O21,L15,G9,N23,L16,M25,P16,M10,J23,N16,H2,C19,L19,H7,L13,L19,E5,H18,H13,M10,K14,I22,N16,G14,O15,M27,L14,J21,D19,M22,M15,B20,K19,O23,M16,C21,P7,C25,G22,G14,L20,K22,P19,H18,F25,I22,J18,B22,L14,M25,M15,D21,K17,C20,M21,J14,A3,J18,H25,L7,M17,C24,B24,I22,F15,E14,L24,P3,B9,B25,F19,B20,G21,P3,L17,L14,M17,L16,B14,D17,L26,N24,L24,P6,O3,O25,H16,N20,C20,J19,G17,M23,D18,B9,B7,E22,F18
ELMO,E9,L8,E9,G9,H9,G9,N6,M1,G7,J13,D14,M10,J8,I7,K3,L5,G10,I10,H8,O5,G4,H7,G6,I5,G10,L5,H9,I10,M9,G5,A7,N5,G4,A1,G9,H7,G5,G9,G5,F10,D3,H6,G8,G15,M8,G9,J5,G9,G10,H5,H6,K11,H6,G8,J13,J10,M9,G8,G6,G9,I5,A8,G6,L7,D6,K11,N11,K4,H10,M15,H5,L9,G17,N8,M4,J10,M15,H10,K8,D9,N17,K9,M4,F3,G9,J17,M9,G6,K9,G9,K22,H9,G8,M19,G7,G8,N5,L7,G9,G9
5,C5,A5,A5,A5,A6,A5,A5,B5,A6,B5,A5,B5,A5,A5,A6,A5,A5,A5,A5,A5,A5,A5,B5,A5,A6,A5,A5,A5,A5,A6,C5,B5,A5,A6,B5,D5,A5,A5,E5,A6,A5,A5,A5,A5,A6,A5,A5,A5,A5,A5,D5,A5,A5,A6,A5,A5,A5,A5,A5,A6,C5,A5,A2,A7,A5,A6,A5,A5,B5,D5,C5,A5,A6,A6,A5,A5,A5,C5,A5,B5,B5,B5,A5,A5,A5,B5,A7,A6,A5,A5,A5,A5,A6,A6,A5,A5,A5,A5,A5,A5
67,P6,P30,P30,P30,P30,A6,P30,P3,A30,P3,P30,P30,P3,P3,P30,P30,P30,P3,P30,P30,P3,P30,P3,P30,P30,P30,P3,P30,P30,P30,P30,P3,A3,P30,P30,P30,P30,P30,P30,P30,P30,P30,P30,P30,P30,P30,P30,P30,P3,P3,P30,P3,P30,P30,P3,P3,P30,P30,P30,A7,C3,P30,P3,P30,P30,O7,P30,P30,P30,O30,P3,P30,O5,P30,P30,P3,P3,P30,P3,P30,P30,P30,P3,P30,P3,P3,P30,P30,P3,P3,P30,P3,P30,P30,P3,P3,P30,P30,P30,P3
123,L2,I17,L12,D12,L2,A3,A3,C3,C12,A6,P3,A3,L12,A3,P3,L2,A3,I3,A3,A3,C12,A3,A3,N12,L24,C12,A3,A3,A3,A7,C20,A3,L2,C12,C13,A3,A3,A3,A3,C23,C12,L18,A3,L2,B2,A3,A3,A3,P3,A3,B12,A3,C12,A3,C13,A3,A3,A3,A3,J18,A3,B2,A3,A3,L2,B12,G14,D12,D12,L12,D12,D12,A3,A3,B3,A12,B12,C12,C14,A3,A2,L2,C12,L2,L24,L2,A9,A3,P3,L18,D12,A3,B7,L21,A3,E12,B3,A3,A3,C13
0000,P1,P30,D18,B1,A30,A1,P30,P1,P30,O9,J10,P30,P30,A1,O10,I24,N19,A20,A20,A11,B20,N30,P30,N7,P30,A8,A5,P9,A7,A1,P30,O30,P30,P1,A30,A1,A1,A1,P30,P30,P20,P30,P1,B30,P30,A30,A1,P30,A30,P30,A1,J30,A1,A20,A30,A30,P30,P1,P30,A7,P1,O1,P30,A1,P30,P30,I5,P30,A1,O6,P30,P20,P20,P30,P30,A30,C20,P30,O13,P30,P30,D12,P30,P1,O5,A1,A1,A30,B1,P30,A1,P1,A17,N9,P20,O5,C20,O10,P30,O15
IF,K4,H6,G8,B22,H18,C14,H17,G19,J3,J3,K12,E9,K4,I7,H5,I12,E12,G21,K8,G8,A6,K3,L14,E5,I10,I12,G9,K6,C8,A20,B9,I5,J3,K12,H1,P2,J3,J2,K24,E22,E3,G8,G15,A8,J9,P8,P12,H25,G8,G15,G10,O15,G4,O21,E22,B11,I7,M2,P3,H24,B1,J6,H2,L6,P6,J13,C19,I9,K9,I17,J17,G9,J4,I9,F25,D9,G12,G12,I1,C21,G24,I8,C8,M3,K16,E12,G6,J3,G7,I10,F14,G4,A7,F7,F6,N6,I6,D10,H11,K5
THE,P22,P30,M24,P3,P30,K10,P30,P30,P3,P6,C13,A30,K11,K7,P30,H13,J20,B3,B20,P1,G16,P1,I26,P30,P30,P30,O3,P30,P30,H20,P30,P6,P30,M17,K9,J22,P3,P3,J24,M4,B13,B13,L30,C24,K25,P30,D13,P3,P21,P4,B25,P30,P30,D20,A30,M7,C21,P30,P30,P30,P30,P27,P3,N21,P3,B30,K11,O4,B7,P22,E15,P30,J6,G23,P30,P27,L13,P30,P30,J20,P30,P30,H20,P30,P30,A2,G23,N25,M25,G9,B2,O27,P30,P1,P30,P30,P30,M13,O7,K28
AND,C9,D8,P3,M8,G10,C5,C8,G10,E6,P30,P3,N3,P3,B20,M4,B6,J5,C5,G3,D8,C5,B9,G2,J9,D7,E8,C5,B5,P3,J3,E9,D7,D8,A3,O6,P3,B8,C9,I19,P3,K5,P2,C6,M7,B1,E7,D11,M8,H5,L7,C5,C6,D8,P7,D5,A3,G9,C10,C6,C7,D10,C7,A7,C6,D8,B5,G9,A7,C6,J4,K9,C8,C6,G5,A9,I15,I5,B3,P3,C11,J5,P2,P3,B3,A5,F9,P3,C6,M8,D8,A6,P3,P3,L4,D7,D5,G5,J4,C8,D5
 ,G9,O1,A30,B18,P30,A1,N30,P2,B2,B13,B5,P1,P3,J17,P1,A3,J2,L30,P30,P30,P30,P1,J3,B20,P30,K15,A2,J17,P30,J24,N30,B19,P30,P30,G6,P1,P1,B20,C1,P9,O5,D3,B20,P5,P3,P30,M26,B30,P30,A1,C30,E9,B3,P30,P20,P24,G24,O1,P30,P1,P30,P1,H4,F3,P24,N16,P1,D19,A7,P13,P30,O2,P30,A3,P1,B3,P9,G22,B2,P1,A1,J3,P3,J1,A1,I8,P30,P9,A30,H4,D6,P1,P30,F1,P30,I1,P30,P30,N20,K3
ZIZAX,P30,P30,P30,P2,P30,P20,P3,P30,P3,P3,P30,P8,P1,P30,N27,P30,P30,P30,P30,P30,P3,P30,P30,P30,O5,P30,P30,M26,P9,P9,O13,N30,P30,P30,P3,N19,P30,M16,M24,P3,P1,O17,P3,P30,P30,P30,P9,P30,M2,P6,P2,P30,P27,P30,P30,P30,P3,P30,P30,P3,P30,P30,M3,P30,P30,P30,P30,P9,P30,P30,A1,P30,P30,P1,N1,P30,L27,C29,P30,P30,P30,P30,P30,P8,P3,P30,P30,L23,P8,P1,P1,P30,P30,P30,P30,P30,P30,P30,P30,P30
GLIMBOR,G10,H6,L19,H13,K30,K22,K24,H9,G6,G6,G6,L15,G13,L8,G9,B6,K8,G14,K23,H30,G9,K23,K10,L12,G11,K9,G9,G4,K23,I14,J17,O10,M17,K6,G10,M23,L10,G9,G11,L15,M13,K1,G10,K12,G4,P3,J28,G13,L13,P3,L1,G6,A9,G6,J21,J15,H12,K13,K6,K19,G9,K9,K11,J7,L6,K24,L9,K7,J12,K24,G6,A25,K24,K14,G10,K17,L7,O5,H14,G8,L17,K15,L19,G9,N26,K5,G9,G9,J11,L24,K19,G10,K5,K11,I13,H6,G14,L3,F8,K9
RIKLANS,J11,P30,P30,N30,A9,P3,K9,L8,K11,P3,P7,E14,I9,P30,K6,P16,N11,O7,I5,L8,M10,P4,N3,I9,M9,P3,E14,E23,L6,K30,L9,N16,K9,K9,N8,P8,K9,N8,O15,K9,C19,K3,A5,P3,P1,A30,J13,P1,L9,K5,P30,P6,K9,M11,K9,L9,P9,P1,P3,L9,K6,P30,B1,K5,P7,M20,K8,K30,K4,J12,K9,P3,P5,K8,P7,K20,K5,P3,P6,K7,K7,P4,P30,K8,P30,A4,H9,K7,O9,I9,L7,G7,P30,P8,K10,P8,K10,L9,K6,L8
FLICANDRO,L25,C26,A6,M28,P19,K23,A7,P30,C22,H14,P30,P16,M22,H10,G18,K20,O5,G9,B9,N21,L10,P7,P7,P4,M11,P24,B29,I2,L13,G7,B24,P14,I17,N20,B26,N25,I6,O20,M16,G17,N20,K19,G9,L15,H7,F10,B3,I14,H24,D19,O22,O12,E23,F19,C22,H26,G19,H23,J17,I14,P30,O26,L15,A27,B15,L19,M26,C23,P5,J22,P2,J19,G9,O8,A7,N29,J22,A7,L7,L20,P10,K17,P17,P14,L23,N24,G22,L17,J30,L21,G15,L12,L19,O14,C8,O3,H25,P28,M5,N29
1FXQ_3,H6,A3,A3,C21,G7,A3,A8,G3,A3,B3,A7,A7,A3,A3,A7,P3,A3,D9,H14,A3,A3,A3,B3,A6,C5,A3,A5,A6,A7,A3,A3,B3,A3,A3,A3,A3,A3,A6,C8,A5,A7,K12,F4,B3,C9,D6,A3,D6,G3,D3,A3,K15,A3,E3,L9,A3,A3,A3,A3,C3,A3,B3,D3,F3,A7,A5,A3,A7,A3,A3,A3,O3,A3,A3,A3,P3,B5,A3,B6,A7,A3,A3,D3,A3,A3,H6,A3,A9,A3,B7,A3,A7,A3,E6,A3,A3,A7,C3,A7,C5
XKDF#HS_DK,M27,O29,P30,N3,K14,P5,L9,K19,P30,P3,O26,M5,K9,K10,P1,P30,K8,L22,E15,N23,M27,I25,B12,O23,P30,P30,M22,P30,P9,P30,L28,M23,I9,P3,M25,P30,J7,G9,L14,L19,J25,P30,G9,L30,F8,P11,L4,M27,J18,P24,P30,P28,P5,I1,L17,K22,C26,N23,P27,G30,M29,M29,P9,N25,B25,B6,G27,P27,M27,G25,P30,M19,P30,L26,B8,G5,O8,J8,P21,J24,F11,M28,P1,J28,P30,P30,K19,M25,M9,M19,B3,N27,P4,P3,D27,P3,P8,M19,P2,P30
JFGMAFG,A3,J8,L2,J6,M11,J10,J12,J14,J8,J6,L2,J9,H7,J8,J20,A5,J20,P5,J6,I12,M8,J6,P2,L3,L3,J5,J10,J22,P4,P3,K5,J15,L3,M12,J17,J11,D10,B17,P4,C10,K22,H21,A6,J5,P5,J5,J5,L4,J19,J4,L5,P3,G21,K2,B28,K2,J6,P4,P3,J3,J7,N9,K10,C21,J9,A3,P3,B14,P2,P2,J6,G7,J15,P5,K5,G2,P3,J9,J5,J12,C20,O17,P5,A9,J6,J5,J9,C28,J10,L2,B26,B13,J9,J3,J9,G7,C24,K5,J3,H5
HEMXJ,O10,L20,D18,P7,P9,P3,P3,P9,B30,P9,P3,C19,P3,L27,P3,P3,G11,P4,P3,O4,K2,P5,O26,P3,P5,P3,P8,P3,P9,P3,A3,P3,P3,C14,L2,L4,L30,P30,P3,H10,P3,P9,P5,P8,P8,P5,A30,J7,L10,N3,A1,J7,L24,P3,E9,P8,E12,P3,N19,P9,C24,P2,P5,P3,C2,P1,K15,N24,P3,C30,P5,P30,P3,P5,F27,P2,P5,C21,C8,P3,P30,A3,J8,P3,B24,P8,P2,P3,N22,P30,P5,P2,P2,B10,P9,B23,P3,P3,C13,O8
